s,p,o
country:XKX,Gross national expenditure (current US$),11949200000.0
country:WSM,Industry (including construction) value added (% of GDP),15.0658
country:XKX,Industry (including construction) value added (% of GDP),26.6203
country:WSM,GDP (current US$),788390000.0
country:XKX,GDP (current US$),9007160000.0
country:WSM,GDP per capita (current LCU),10126.3
country:XKX,GDP per capita (current LCU),4216.16
country:WSM,GNI per capita (current LCU),9935.08
country:XKX,GNI per capita (current LCU),4311.96
country:ZAF,Gross national expenditure (current US$),389899000000.0
country:ZMB,Industry (including construction) value added (% of GDP),46.6519
country:ZAF,Industry (including construction) value added (% of GDP),24.4634
country:ZMB,GDP (current US$),21203100000.0
country:ZWE,GDP (current US$),26217700000.0
country:ZAF,GDP (current US$),419946000000.0
country:YEM,GDP (current US$),21061700000.0
country:ZWE,GDP per capita (current LCU),195320.0
country:ZAF,GDP per capita (current LCU),103365.0
country:YEM,GDP per capita (current LCU),715259.0
country:ZMB,GDP per capita (current LCU),22433.3
country:ZAF,GNI per capita (current LCU),101393.0
country:ZWE,GNI per capita (current LCU),190435.0
country:ZMB,GNI per capita (current LCU),20400.1
country:IDN,Gini index,37.3
country:ALB,Population growth (annual %),-0.926918
country:ABW,Population growth (annual %),0.401008
country:AGO,Population growth (annual %),3.19592
country:AFG,Population growth (annual %),2.30341
country:AUS,Population growth (annual %),0.178832
country:ARG,Population growth (annual %),0.947491
country:BEL,Population growth (annual %),0.37732
country:AZE,Population growth (annual %),0.514777
country:ASM,Population growth (annual %),-0.170444
country:AND,Population growth (annual %),0.115122
country:ATG,Population growth (annual %),0.813608
country:BDI,Population growth (annual %),3.02056
country:ARE,Population growth (annual %),1.01284
country:BEN,Population growth (annual %),2.66826
country:ARM,Population growth (annual %),0.165021
country:AUT,Population growth (annual %),0.441054
country:BLZ,Population growth (annual %),1.81779
country:BHR,Population growth (annual %),2.7082
country:BRB,Population growth (annual %),0.117201
country:BGD,Population growth (annual %),0.975322
country:BOL,Population growth (annual %),1.36059
country:BIH,Population growth (annual %),-0.530419
country:BFA,Population growth (annual %),2.80119
country:BLR,Population growth (annual %),-0.423478
country:BRA,Population growth (annual %),0.672384
country:BGR,Population growth (annual %),-0.504442
country:BRN,Population growth (annual %),0.921265
country:BHS,Population growth (annual %),0.927918
country:BMU,Population growth (annual %),-0.0407013
country:CHL,Population growth (annual %),0.501731
country:CAN,Population growth (annual %),0.547707
country:COD,Population growth (annual %),3.09642
country:BWA,Population growth (annual %),1.92115
country:CIV,Population growth (annual %),2.52804
country:CHE,Population growth (annual %),0.70568
country:BTN,Population growth (annual %),1.06839
country:CMR,Population growth (annual %),2.52346
country:CAF,Population growth (annual %),1.85083
country:COG,Population growth (annual %),2.48646
country:CHN,Population growth (annual %),0.0892522
country:CYM,Population growth (annual %),1.17686
country:CRI,Population growth (annual %),0.878307
country:DJI,Population growth (annual %),1.42651
country:COM,Population growth (annual %),2.14575
country:CZE,Population growth (annual %),0.0522211
country:CUB,Population growth (annual %),-0.0805331
country:COL,Population growth (annual %),0.749806
country:CUW,Population growth (annual %),-1.67779
country:DEU,Population growth (annual %),-0.037989
country:CPV,Population growth (annual %),1.0579
country:DMA,Population growth (annual %),0.251105
country:CYP,Population growth (annual %),0.679092
country:ESP,Population growth (annual %),-0.0775836
country:DOM,Population growth (annual %),0.97067
country:EGY,Population growth (annual %),1.86258
country:DNK,Population growth (annual %),0.433414
country:ECU,Population growth (annual %),1.38141
country:DZA,Population growth (annual %),1.73081
country:FRO,Population growth (annual %),0.383995
country:GEO,Population growth (annual %),-0.379637
country:ETH,Population growth (annual %),2.50197
country:GAB,Population growth (annual %),2.35777
country:FJI,Population growth (annual %),0.717487
country:EST,Population growth (annual %),-0.0169254
country:FRA,Population growth (annual %),0.177099
country:GBR,Population growth (annual %),0.36541
country:GHA,Population growth (annual %),2.09922
country:FIN,Population growth (annual %),0.219542
country:FSM,Population growth (annual %),1.06713
country:GRL,Population growth (annual %),0.506106
country:GNB,Population growth (annual %),2.38456
country:GIN,Population growth (annual %),2.73727
country:GUM,Population growth (annual %),0.826634
country:HND,Population growth (annual %),1.58646
country:GRC,Population growth (annual %),-0.336886
country:GIB,Population growth (annual %),0.0
country:GRD,Population growth (annual %),0.439846
country:GUY,Population growth (annual %),0.478158
country:GMB,Population growth (annual %),2.86638
country:HKG,Population growth (annual %),-0.911777
country:GNQ,Population growth (annual %),3.28863
country:GTM,Population growth (annual %),1.48032
country:HUN,Population growth (annual %),-0.413803
country:IND,Population growth (annual %),0.966661
country:HRV,Population growth (annual %),-3.74238
country:IDN,Population growth (annual %),1.03228
country:IMN,Population growth (annual %),0.443553
country:HTI,Population growth (annual %),1.21296
country:JOR,Population growth (annual %),0.643627
country:ISL,Population growth (annual %),1.5789
country:KGZ,Population growth (annual %),1.72219
country:IRN,Population growth (annual %),1.22566
country:KAZ,Population growth (annual %),1.30792
country:ITA,Population growth (annual %),-0.646839
country:IRL,Population growth (annual %),0.849943
country:JAM,Population growth (annual %),0.414551
country:KEN,Population growth (annual %),2.23333
country:IRQ,Population growth (annual %),2.35103
country:KHM,Population growth (annual %),1.35141
country:ISR,Population growth (annual %),1.60291
country:JPN,Population growth (annual %),-0.459952
country:LBR,Population growth (annual %),2.39379
country:KWT,Population growth (annual %),1.34876
country:KNA,Population growth (annual %),0.663309
country:LCA,Population growth (annual %),0.419532
country:LAO,Population growth (annual %),1.41664
country:KIR,Population growth (annual %),1.61276
country:LBN,Population growth (annual %),-0.828143
country:KOR,Population growth (annual %),-0.176409
country:LBY,Population growth (annual %),1.2618
country:LUX,Population growth (annual %),1.36293
country:MAR,Population growth (annual %),1.16957
country:LKA,Population growth (annual %),1.07545
country:MAC,Population growth (annual %),1.38394
country:LIE,Population growth (annual %),0.306319
country:LTU,Population growth (annual %),0.0155987
country:MAF,Population growth (annual %),1.48915
country:MCO,Population growth (annual %),0.700831
country:LSO,Population growth (annual %),0.781857
country:LVA,Population growth (annual %),-0.91379
country:MKD,Population growth (annual %),-0.359579
country:MDG,Population growth (annual %),2.6243
country:MLT,Population growth (annual %),0.29781
country:MHL,Population growth (annual %),0.713736
country:MDA,Population growth (annual %),-1.79301
country:MMR,Population growth (annual %),0.725576
country:MDV,Population growth (annual %),0.567813
country:MNE,Population growth (annual %),-0.182524
country:MEX,Population growth (annual %),1.02585
country:MLI,Population growth (annual %),2.94325
country:MRT,Population growth (annual %),2.66229
country:NGA,Population growth (annual %),2.52019
country:MNP,Population growth (annual %),0.611432
country:NCL,Population growth (annual %),0.242389
country:NLD,Population growth (annual %),0.525549
country:MWI,Population growth (annual %),2.67039
country:MNG,Population growth (annual %),1.54341
country:MYS,Population growth (annual %),1.25941
country:NER,Population growth (annual %),3.74678
country:MOZ,Population growth (annual %),2.86248
country:NIC,Population growth (annual %),1.16795
country:MUS,Population growth (annual %),0.0252785
country:NAM,Population growth (annual %),1.81072
country:PAK,Population growth (annual %),1.93132
country:NZL,Population growth (annual %),0.6345
country:PLW,Population growth (annual %),0.452215
country:NPL,Population growth (annual %),1.83
country:PER,Population growth (annual %),1.1686
country:OMN,Population growth (annual %),2.26058
country:NOR,Population growth (annual %),0.534772
country:PHL,Population growth (annual %),1.32879
country:NRU,Population growth (annual %),0.359331
country:PNG,Population growth (annual %),1.90394
country:PAN,Population growth (annual %),1.53665
country:PRK,Population growth (annual %),0.418962
country:ROU,Population growth (annual %),-0.742063
country:PYF,Population growth (annual %),0.578592
country:PRY,Population growth (annual %),1.21392
country:POL,Population growth (annual %),-0.311961
country:PSE,Population growth (annual %),2.45704
country:QAT,Population growth (annual %),1.7023
country:PRI,Population growth (annual %),-0.548624
country:RUS,Population growth (annual %),-0.4362
country:PRT,Population growth (annual %),0.0227417
country:SLE,Population growth (annual %),2.03946
country:SDN,Population growth (annual %),2.3888
country:SRB,Population growth (annual %),-0.801098
country:SMR,Population growth (annual %),0.211927
country:SGP,Population growth (annual %),-4.17034
country:RWA,Population growth (annual %),2.47305
country:SLB,Population growth (annual %),2.46146
country:SOM,Population growth (annual %),2.89162
country:SAU,Population growth (annual %),1.50189
country:SEN,Population growth (annual %),2.66589
country:SLV,Population growth (annual %),0.496729
country:SWE,Population growth (annual %),0.600592
country:STP,Population growth (annual %),1.89961
country:SYR,Population growth (annual %),4.33341
country:SXM,Population growth (annual %),1.25888
country:SVK,Population growth (annual %),-0.212359
country:SSD,Population growth (annual %),1.66247
country:SVN,Population growth (annual %),0.217987
country:SYC,Population growth (annual %),0.748749
country:TCA,Population growth (annual %),1.30352
country:SUR,Population growth (annual %),0.876424
country:SWZ,Population growth (annual %),1.04651
country:TGO,Population growth (annual %),2.38127
country:TJK,Population growth (annual %),2.19825
country:TCD,Population growth (annual %),2.93431
country:TKM,Population growth (annual %),1.42805
country:TON,Population growth (annual %),0.999745
country:THA,Population growth (annual %),0.215907
country:TLS,Population growth (annual %),1.91065
country:TUV,Population growth (annual %),1.12157
country:VCT,Population growth (annual %),0.289808
country:TUN,Population growth (annual %),0.986319
country:USA,Population growth (annual %),0.11838
country:VGB,Population growth (annual %),0.613256
country:UGA,Population growth (annual %),2.97775
country:TTO,Population growth (annual %),0.277074
country:UKR,Population growth (annual %),-0.721959
country:UZB,Population growth (annual %),1.97571
country:TUR,Population growth (annual %),0.830872
country:VEN,Population growth (annual %),0.941553
country:TZA,Population growth (annual %),2.91068
country:URY,Population growth (annual %),0.328358
country:ZAF,Population growth (annual %),1.22884
country:VNM,Population growth (annual %),0.849329
country:ZWE,Population growth (annual %),1.53061
country:XKX,Population growth (annual %),0.897901
country:VIR,Population growth (annual %),-0.395928
country:YEM,Population growth (annual %),2.20403
country:VUT,Population growth (annual %),2.35334
country:ZMB,Population growth (annual %),2.8776
country:WSM,Population growth (annual %),0.870151
country:AFG,Diabetes prevalence (% of population ages 20 to 79),10.9
country:ABW,Diabetes prevalence (% of population ages 20 to 79),4.3
country:ALB,Diabetes prevalence (% of population ages 20 to 79),10.2
country:AGO,Diabetes prevalence (% of population ages 20 to 79),4.6
country:AND,Diabetes prevalence (% of population ages 20 to 79),9.7
country:ARG,Diabetes prevalence (% of population ages 20 to 79),5.4
country:ASM,Diabetes prevalence (% of population ages 20 to 79),20.3
country:ARE,Diabetes prevalence (% of population ages 20 to 79),16.4
country:ARM,Diabetes prevalence (% of population ages 20 to 79),5.6
country:AUS,Diabetes prevalence (% of population ages 20 to 79),6.4
country:ATG,Diabetes prevalence (% of population ages 20 to 79),11.7
country:AUT,Diabetes prevalence (% of population ages 20 to 79),4.6
country:BDI,Diabetes prevalence (% of population ages 20 to 79),6.5
country:BEN,Diabetes prevalence (% of population ages 20 to 79),1.1
country:AZE,Diabetes prevalence (% of population ages 20 to 79),5.6
country:BFA,Diabetes prevalence (% of population ages 20 to 79),2.1
country:BEL,Diabetes prevalence (% of population ages 20 to 79),3.6
country:BGR,Diabetes prevalence (% of population ages 20 to 79),7.4
country:BHR,Diabetes prevalence (% of population ages 20 to 79),11.3
country:BGD,Diabetes prevalence (% of population ages 20 to 79),14.2
country:BHS,Diabetes prevalence (% of population ages 20 to 79),8.8
country:BLR,Diabetes prevalence (% of population ages 20 to 79),5.6
country:BIH,Diabetes prevalence (% of population ages 20 to 79),9.1
country:BLZ,Diabetes prevalence (% of population ages 20 to 79),14.5
country:BMU,Diabetes prevalence (% of population ages 20 to 79),13.0
country:BRA,Diabetes prevalence (% of population ages 20 to 79),8.8
country:BOL,Diabetes prevalence (% of population ages 20 to 79),5.5
country:BRB,Diabetes prevalence (% of population ages 20 to 79),14.0
country:BRN,Diabetes prevalence (% of population ages 20 to 79),11.1
country:BWA,Diabetes prevalence (% of population ages 20 to 79),5.2
country:BTN,Diabetes prevalence (% of population ages 20 to 79),10.4
country:CAF,Diabetes prevalence (% of population ages 20 to 79),5.8
country:CHE,Diabetes prevalence (% of population ages 20 to 79),4.6
country:CAN,Diabetes prevalence (% of population ages 20 to 79),7.7
country:CHN,Diabetes prevalence (% of population ages 20 to 79),10.6
country:CMR,Diabetes prevalence (% of population ages 20 to 79),5.5
country:CHL,Diabetes prevalence (% of population ages 20 to 79),10.8
country:CIV,Diabetes prevalence (% of population ages 20 to 79),2.1
country:COG,Diabetes prevalence (% of population ages 20 to 79),5.5
country:COM,Diabetes prevalence (% of population ages 20 to 79),11.7
country:COD,Diabetes prevalence (% of population ages 20 to 79),5.8
country:COL,Diabetes prevalence (% of population ages 20 to 79),8.3
country:CRI,Diabetes prevalence (% of population ages 20 to 79),8.8
country:CUB,Diabetes prevalence (% of population ages 20 to 79),7.6
country:CPV,Diabetes prevalence (% of population ages 20 to 79),2.1
country:CYM,Diabetes prevalence (% of population ages 20 to 79),13.0
country:CZE,Diabetes prevalence (% of population ages 20 to 79),7.1
country:CUW,Diabetes prevalence (% of population ages 20 to 79),11.7
country:CYP,Diabetes prevalence (% of population ages 20 to 79),8.6
country:DJI,Diabetes prevalence (% of population ages 20 to 79),7.4
country:DNK,Diabetes prevalence (% of population ages 20 to 79),5.3
country:DEU,Diabetes prevalence (% of population ages 20 to 79),6.9
country:DMA,Diabetes prevalence (% of population ages 20 to 79),11.7
country:DZA,Diabetes prevalence (% of population ages 20 to 79),7.1
country:DOM,Diabetes prevalence (% of population ages 20 to 79),10.5
country:ECU,Diabetes prevalence (% of population ages 20 to 79),4.4
country:ERI,Diabetes prevalence (% of population ages 20 to 79),6.5
country:EGY,Diabetes prevalence (% of population ages 20 to 79),20.9
country:ESP,Diabetes prevalence (% of population ages 20 to 79),10.3
country:ETH,Diabetes prevalence (% of population ages 20 to 79),5.0
country:EST,Diabetes prevalence (% of population ages 20 to 79),6.5
country:FJI,Diabetes prevalence (% of population ages 20 to 79),17.7
country:FIN,Diabetes prevalence (% of population ages 20 to 79),6.1
country:FRA,Diabetes prevalence (% of population ages 20 to 79),5.3
country:FRO,Diabetes prevalence (% of population ages 20 to 79),3.8
country:GAB,Diabetes prevalence (% of population ages 20 to 79),5.5
country:FSM,Diabetes prevalence (% of population ages 20 to 79),15.6
country:GBR,Diabetes prevalence (% of population ages 20 to 79),6.3
country:GHA,Diabetes prevalence (% of population ages 20 to 79),2.6
country:GEO,Diabetes prevalence (% of population ages 20 to 79),5.7
country:GIN,Diabetes prevalence (% of population ages 20 to 79),2.1
country:GNQ,Diabetes prevalence (% of population ages 20 to 79),5.5
country:GNB,Diabetes prevalence (% of population ages 20 to 79),2.1
country:GRC,Diabetes prevalence (% of population ages 20 to 79),6.4
country:GMB,Diabetes prevalence (% of population ages 20 to 79),1.9
country:GRL,Diabetes prevalence (% of population ages 20 to 79),3.3
country:GUM,Diabetes prevalence (% of population ages 20 to 79),19.1
country:GRD,Diabetes prevalence (% of population ages 20 to 79),12.6
country:GTM,Diabetes prevalence (% of population ages 20 to 79),13.1
country:HND,Diabetes prevalence (% of population ages 20 to 79),5.1
country:GUY,Diabetes prevalence (% of population ages 20 to 79),11.7
country:HKG,Diabetes prevalence (% of population ages 20 to 79),7.8
country:HRV,Diabetes prevalence (% of population ages 20 to 79),4.8
country:HUN,Diabetes prevalence (% of population ages 20 to 79),7.0
country:HTI,Diabetes prevalence (% of population ages 20 to 79),8.9
country:AGO,Gross national expenditure (current US$),55989900000.0
country:ALB,Gross national expenditure (current US$),20161400000.0
country:AGO,Industry (including construction) value added (% of GDP),43.3851
country:ALB,Industry (including construction) value added (% of GDP),21.8186
country:AND,GDP (current US$),3329910000.0
country:AGO,GDP (current US$),72547000000.0
country:ALB,GDP (current US$),18260000000.0
country:AGO,GDP per capita (current LCU),1449600.0
country:AND,GDP per capita (current LCU),36396.6
country:ALB,GDP per capita (current LCU),672299.0
country:AGO,GNI per capita (current LCU),1335440.0
country:ALB,GNI per capita (current LCU),663109.0
country:ARM,Gross national expenditure (current US$),14962900000.0
country:ARG,Gross national expenditure (current US$),459331000000.0
country:ARM,Industry (including construction) value added (% of GDP),26.9307
country:ARG,Industry (including construction) value added (% of GDP),24.863
country:ARM,GDP (current US$),13861200000.0
country:ARG,GDP (current US$),491493000000.0
country:ARG,GDP per capita (current LCU),1019180.0
country:ARM,GDP per capita (current LCU),2352610.0
country:ARG,GNI per capita (current LCU),998555.0
country:AUT,Gross national expenditure (current US$),471974000000.0
country:AUS,Gross national expenditure (current US$),1477230000000.0
country:AUT,Industry (including construction) value added (% of GDP),25.7182
country:ATG,Industry (including construction) value added (% of GDP),21.889
country:AUS,Industry (including construction) value added (% of GDP),25.4956
country:AUT,GDP (current US$),477082000000.0
country:ATG,GDP (current US$),1471130000.0
country:AUS,GDP (current US$),1542660000000.0
country:ATG,GDP per capita (current LCU),40232.2
country:AUS,GDP per capita (current LCU),80305.7
country:ATG,GNI per capita (current LCU),39780.2
country:ARM,GNI per capita (current LCU),2286090.0
country:AUS,GNI per capita (current LCU),79554.5
country:BDI,Gross national expenditure (current US$),3448140000.0
country:AZE,Gross national expenditure (current US$),45471500000.0
country:BEL,Gross national expenditure (current US$),591865000000.0
country:BEL,Industry (including construction) value added (% of GDP),20.8513
country:AZE,Industry (including construction) value added (% of GDP),48.4273
country:BDI,Industry (including construction) value added (% of GDP),10.5994
country:BDI,GDP (current US$),2902030000.0
country:AZE,GDP (current US$),54622200000.0
country:BEL,GDP (current US$),599879000000.0
country:BEL,GDP per capita (current LCU),43769.4
country:AZE,GDP per capita (current LCU),9152.86
country:AUT,GDP per capita (current LCU),45037.7
country:BDI,GDP per capita (current LCU),563304.0
country:AZE,GNI per capita (current LCU),8931.9
country:BDI,GNI per capita (current LCU),564862.0
country:AUT,GNI per capita (current LCU),44992.4
country:BEL,GNI per capita (current LCU),44160.1
country:BGR,Gross national expenditure (current US$),79404800000.0
country:BGD,Gross national expenditure (current US$),439896000000.0
country:BGD,Industry (including construction) value added (% of GDP),33.3161
country:BHR,Industry (including construction) value added (% of GDP),44.8034
country:BGR,Industry (including construction) value added (% of GDP),23.0368
country:BGR,GDP (current US$),80271100000.0
country:BFA,GDP (current US$),19737600000.0
country:BEN,GDP (current US$),17785600000.0
country:BGD,GDP (current US$),416265000000.0
country:BEN,GDP per capita (current LCU),792118.0
country:BGD,GDP per capita (current LCU),212274.0
country:BFA,GDP per capita (current LCU),509144.0
country:BGR,GDP per capita (current LCU),19240.7
country:BFA,GNI per capita (current LCU),482839.0
country:BGR,GNI per capita (current LCU),18729.8
country:BEN,GNI per capita (current LCU),783844.0
country:BGD,GNI per capita (current LCU),223447.0
country:BHS,Gross national expenditure (current US$),12395900000.0
country:BLR,Gross national expenditure (current US$),61287900000.0
country:BIH,Gross national expenditure (current US$),25511600000.0
country:BLZ,Gross national expenditure (current US$),1889980000.0
country:BIH,Industry (including construction) value added (% of GDP),24.6246
country:BLZ,Industry (including construction) value added (% of GDP),13.0386
country:BHS,Industry (including construction) value added (% of GDP),11.2922
country:BLR,Industry (including construction) value added (% of GDP),32.1536
country:BIH,GDP (current US$),22571500000.0
country:BHR,GDP (current US$),38868700000.0
country:BLR,GDP (current US$),68218800000.0
country:BHS,GDP (current US$),11208600000.0
country:BLR,GDP per capita (current LCU),18538.2
country:BHS,GDP per capita (current LCU),28239.4
country:BIH,GDP per capita (current LCU),11437.1
country:BHR,GDP per capita (current LCU),8359.35
country:BIH,GNI per capita (current LCU),11329.9
country:BLR,GNI per capita (current LCU),17831.7
country:BHS,GNI per capita (current LCU),26389.6
country:BOL,Gross national expenditure (current US$),41770200000.0
country:BMU,Gross national expenditure (current US$),5304400000.0
country:BRA,Gross national expenditure (current US$),1592590000000.0
country:BRA,Industry (including construction) value added (% of GDP),18.8581
country:BOL,Industry (including construction) value added (% of GDP),26.3609
country:BOL,GDP (current US$),40408200000.0
country:BLZ,GDP (current US$),1789920000.0
country:BRA,GDP (current US$),1608980000000.0
country:BMU,GDP (current US$),7080900000.0
country:BMU,GDP per capita (current LCU),110869.0
country:BOL,GDP per capita (current LCU),23596.9
country:BRA,GDP per capita (current LCU),40559.6
country:BLZ,GDP per capita (current LCU),8840.98
country:BLZ,GNI per capita (current LCU),8425.69
country:BOL,GNI per capita (current LCU),22983.4
country:BRA,GNI per capita (current LCU),39287.3
country:BMU,GNI per capita (current LCU),113661.0
country:BRN,Gross national expenditure (current US$),10957300000.0
country:CAF,Gross national expenditure (current US$),3169620000.0
country:BRN,Industry (including construction) value added (% of GDP),62.7016
country:BWA,GDP (current US$),17613800000.0
country:BRN,GDP (current US$),14006600000.0
country:BRB,GDP (current US$),4900800000.0
country:BWA,GDP per capita (current LCU),81464.5
country:BRB,GDP per capita (current LCU),34067.9
country:BRN,GDP per capita (current LCU),42628.9
country:BRB,GNI per capita (current LCU),33399.1
country:BWA,GNI per capita (current LCU),77044.1
country:CHE,Gross national expenditure (current US$),692700000000.0
country:CAN,Gross national expenditure (current US$),1987690000000.0
country:CHE,Industry (including construction) value added (% of GDP),25.6423
country:CAF,Industry (including construction) value added (% of GDP),20.1607
country:CAN,GDP (current US$),1990760000000.0
country:CAF,GDP (current US$),2516500000.0
country:CHE,GDP (current US$),812867000000.0
country:CAF,GDP per capita (current LCU),283634.0
country:CAN,GDP per capita (current LCU),65266.0
country:CHE,GDP per capita (current LCU),85405.7
country:CAN,GNI per capita (current LCU),64771.8
country:CHE,GNI per capita (current LCU),83787.4
country:CAF,GNI per capita (current LCU),302987.0
country:CIV,Gross national expenditure (current US$),69296800000.0
country:CHL,Gross national expenditure (current US$),319121000000.0
country:CMR,Gross national expenditure (current US$),46078400000.0
country:CHL,Industry (including construction) value added (% of GDP),31.7486
country:CHN,Industry (including construction) value added (% of GDP),39.4261
country:CHL,GDP (current US$),317059000000.0
country:CIV,GDP (current US$),69764800000.0
country:CHN,GDP (current US$),17734100000000.0
country:CHN,GDP per capita (current LCU),80975.8
country:CIV,GDP per capita (current LCU),1430000.0
country:CHL,GDP per capita (current LCU),12524900.0
country:CHN,GNI per capita (current LCU),80257.0
country:CIV,GNI per capita (current LCU),1386710.0
country:CHL,GNI per capita (current LCU),11797400.0
country:COD,Gross national expenditure (current US$),53542200000.0
country:COL,Gross national expenditure (current US$),339329000000.0
country:CMR,Industry (including construction) value added (% of GDP),24.0463
country:COL,Industry (including construction) value added (% of GDP),25.0558
country:COD,Industry (including construction) value added (% of GDP),45.0883
country:COD,GDP (current US$),53958600000.0
country:COG,GDP (current US$),12524000000.0
country:CMR,GDP (current US$),45238600000.0
country:COL,GDP (current US$),314322000000.0
country:COG,GDP per capita (current LCU),1227660.0
country:CMR,GDP per capita (current LCU),921465.0
country:COL,GDP per capita (current LCU),22952800.0
country:COD,GDP per capita (current LCU),1162020.0
country:COG,GNI per capita (current LCU),968886.0
country:CMR,GNI per capita (current LCU),903870.0
country:COL,GNI per capita (current LCU),22364700.0
country:COD,GNI per capita (current LCU),1119560.0
country:CPV,Gross national expenditure (current US$),2582730000.0
country:COM,Gross national expenditure (current US$),1604740000.0
country:CRI,Gross national expenditure (current US$),63217300000.0
country:CPV,Industry (including construction) value added (% of GDP),25.1355
country:COM,Industry (including construction) value added (% of GDP),8.14472
country:CRI,Industry (including construction) value added (% of GDP),20.5483
country:CPV,GDP (current US$),1936170000.0
country:COM,GDP (current US$),1327960000.0
country:CRI,GDP (current US$),64282400000.0
country:CRI,GDP per capita (current LCU),7765160.0
country:COM,GDP per capita (current LCU),621724.0
country:CPV,GDP per capita (current LCU),321207.0
country:CPV,GNI per capita (current LCU),314948.0
country:COM,GNI per capita (current LCU),617533.0
country:CRI,GNI per capita (current LCU),7238920.0
country:CYP,Gross national expenditure (current US$),27423300000.0
country:CYP,Industry (including construction) value added (% of GDP),12.8339
country:CYP,GDP (current US$),27719300000.0
country:CYP,GDP per capita (current LCU),26040.1
country:CYP,GNI per capita (current LCU),24114.6
country:DEU,Gross national expenditure (current US$),3989480000000.0
country:CZE,Gross national expenditure (current US$),273732000000.0
country:DMA,Industry (including construction) value added (% of GDP),11.8194
country:DEU,Industry (including construction) value added (% of GDP),26.6103
country:CZE,Industry (including construction) value added (% of GDP),31.2065
country:DMA,GDP (current US$),545618000.0
country:DEU,GDP (current US$),4223120000000.0
country:CZE,GDP (current US$),282341000000.0
country:DJI,GDP (current US$),3371100000.0
country:DJI,GDP per capita (current LCU),597802.0
country:DMA,GDP per capita (current LCU),20411.9
country:CZE,GDP per capita (current LCU),571838.0
country:DEU,GDP per capita (current LCU),42952.6
country:DJI,GNI per capita (current LCU),579183.0
country:DMA,GNI per capita (current LCU),20473.4
country:CZE,GNI per capita (current LCU),549852.0
country:DEU,GNI per capita (current LCU),44250.6
country:DOM,Gross national expenditure (current US$),102942000000.0
country:DNK,Gross national expenditure (current US$),370472000000.0
country:DZA,Gross national expenditure (current US$),168319000000.0
country:DNK,Industry (including construction) value added (% of GDP),20.2078
country:DOM,Industry (including construction) value added (% of GDP),32.6621
country:DZA,Industry (including construction) value added (% of GDP),39.6767
country:DOM,GDP (current US$),94243500000.0
country:DNK,GDP (current US$),397104000000.0
country:DZA,GDP (current US$),167983000000.0
country:DZA,GDP per capita (current LCU),508522.0
country:DNK,GDP per capita (current LCU),426285.0
country:DOM,GDP per capita (current LCU),492318.0
country:DOM,GNI per capita (current LCU),467734.0
country:DNK,GNI per capita (current LCU),439935.0
country:DZA,GNI per capita (current LCU),496241.0
country:EGY,Gross national expenditure (current US$),441236000000.0
country:ECU,Gross national expenditure (current US$),105114000000.0
country:ECU,Industry (including construction) value added (% of GDP),31.1735
country:EGY,Industry (including construction) value added (% of GDP),30.7913
country:EGY,GDP (current US$),404143000000.0
country:ECU,GDP (current US$),106166000000.0
country:EGY,GDP per capita (current LCU),60820.1
country:ECU,GDP per capita (current LCU),5934.88
country:ECU,GNI per capita (current LCU),5843.4
country:EGY,GNI per capita (current LCU),58954.1
country:ETH,Gross national expenditure (current US$),121363000000.0
country:EST,Gross national expenditure (current US$),35971500000.0
country:ESP,Gross national expenditure (current US$),1403750000000.0
country:ETH,Industry (including construction) value added (% of GDP),21.8523
country:ESP,Industry (including construction) value added (% of GDP),20.5029
country:EST,Industry (including construction) value added (% of GDP),22.7968
country:EST,GDP (current US$),36262900000.0
country:ESP,GDP (current US$),1425280000000.0
country:ETH,GDP (current US$),111271000000.0
country:EST,GDP per capita (current LCU),23065.6
country:ETH,GDP per capita (current LCU),36830.0
country:ESP,GDP per capita (current LCU),25462.7
country:EST,GNI per capita (current LCU),22726.9
country:ESP,GNI per capita (current LCU),25593.2
country:ETH,GNI per capita (current LCU),36645.7
country:FJI,Gross national expenditure (current US$),4559260000.0
country:FRA,Gross national expenditure (current US$),2998320000000.0
country:FIN,Gross national expenditure (current US$),296045000000.0
country:FRA,Industry (including construction) value added (% of GDP),16.7806
country:FJI,Industry (including construction) value added (% of GDP),18.103
country:FIN,Industry (including construction) value added (% of GDP),24.7729
country:FJI,GDP (current US$),4592120000.0
country:FRA,GDP (current US$),2937470000000.0
country:FIN,GDP (current US$),299155000000.0
country:FIN,GDP per capita (current LCU),45642.0
country:FJI,GDP per capita (current LCU),10531.0
country:FJI,GNI per capita (current LCU),9998.97
country:FIN,GNI per capita (current LCU),46414.9
country:GBR,Gross national expenditure (current US$),3217760000000.0
country:GAB,Gross national expenditure (current US$),12288500000.0
country:GBR,Industry (including construction) value added (% of GDP),17.7014
country:FSM,Industry (including construction) value added (% of GDP),4.85739
country:GAB,Industry (including construction) value added (% of GDP),47.8324
country:FSM,GDP (current US$),404178000.0
country:GAB,GDP (current US$),18269300000.0
country:FSM,GDP per capita (current LCU),3476.65
country:FRA,GDP per capita (current LCU),36794.7
country:GAB,GDP per capita (current LCU),4445670.0
country:FRA,GNI per capita (current LCU),37607.2
country:FSM,GNI per capita (current LCU),3828.46
country:GAB,GNI per capita (current LCU),4149520.0
country:GEO,Gross national expenditure (current US$),21606600000.0
country:GHA,Gross national expenditure (current US$),76519400000.0
country:GIN,Gross national expenditure (current US$),16210100000.0
country:GHA,Industry (including construction) value added (% of GDP),28.2645
country:GEO,Industry (including construction) value added (% of GDP),21.8179
country:GIN,Industry (including construction) value added (% of GDP),27.6951
country:GEO,GDP (current US$),18700200000.0
country:GHA,GDP (current US$),77594300000.0
country:GBR,GDP (current US$),3186860000000.0
country:GHA,GDP per capita (current LCU),14469.0
country:GBR,GDP per capita (current LCU),34415.2
country:GEO,GDP per capita (current LCU),16241.0
country:GEO,GNI per capita (current LCU),15342.5
country:GBR,GNI per capita (current LCU),34235.7
country:GHA,GNI per capita (current LCU),14104.1
country:GNQ,Gross national expenditure (current US$),11180000000.0
country:GMB,Gross national expenditure (current US$),3061790000.0
country:GRC,Gross national expenditure (current US$),233377000000.0
country:GMB,Industry (including construction) value added (% of GDP),19.5187
country:GRC,Industry (including construction) value added (% of GDP),15.9458
country:GNQ,Industry (including construction) value added (% of GDP),51.321
country:GIN,GDP (current US$),15850500000.0
country:GMB,GDP (current US$),2078070000.0
country:GNQ,GDP (current US$),12269400000.0
country:GNB,GDP (current US$),1638520000.0
country:GNB,GDP per capita (current LCU),450813.0
country:GIN,GDP per capita (current LCU),11556300.0
country:GNQ,GDP per capita (current LCU),4692600.0
country:GMB,GDP per capita (current LCU),43020.1
country:GMB,GNI per capita (current LCU),41956.5
country:GIN,GNI per capita (current LCU),10200200.0
country:GNQ,GNI per capita (current LCU),3498690.0
country:GNB,GNI per capita (current LCU),451448.0
country:GTM,Gross national expenditure (current US$),96715500000.0
country:GRD,Industry (including construction) value added (% of GDP),14.653
country:GTM,Industry (including construction) value added (% of GDP),22.0909
country:GTM,GDP (current US$),85986300000.0
country:GRC,GDP (current US$),216241000000.0
country:GRD,GDP (current US$),1122080000.0
country:GRC,GDP per capita (current LCU),17143.7
country:GTM,GDP per capita (current LCU),38869.8
country:GRD,GDP per capita (current LCU),26807.3
country:GTM,GNI per capita (current LCU),38119.8
country:GRC,GNI per capita (current LCU),17207.8
country:GRD,GNI per capita (current LCU),25544.8
country:HND,Gross national expenditure (current US$),35170400000.0
country:HKG,Gross national expenditure (current US$),350683000000.0
country:GUY,Industry (including construction) value added (% of GDP),56.267
country:HKG,GDP (current US$),368139000000.0
country:GUY,GDP (current US$),7409180000.0
country:GUY,GDP per capita (current LCU),1954650.0
country:HKG,GDP per capita (current LCU),386022.0
country:HKG,GNI per capita (current LCU),413671.0
country:GUY,GNI per capita (current LCU),1874050.0
country:HRV,Gross national expenditure (current US$),68486700000.0
country:HUN,Gross national expenditure (current US$),180896000000.0
country:HTI,Gross national expenditure (current US$),25723300000.0
country:HTI,Industry (including construction) value added (% of GDP),25.4465
country:HND,Industry (including construction) value added (% of GDP),26.5805
country:HRV,Industry (including construction) value added (% of GDP),20.5721
country:HRV,GDP (current US$),67837800000.0
country:HND,GDP (current US$),28488700000.0
country:HTI,GDP (current US$),20944400000.0
country:HND,GDP per capita (current LCU),67992.1
country:HTI,GDP per capita (current LCU),147224.0
country:HRV,GDP per capita (current LCU),110658.0
country:HTI,GNI per capita (current LCU),147386.0
country:HND,GNI per capita (current LCU),62462.6
country:HRV,GNI per capita (current LCU),110977.0
country:HUN,Industry (including construction) value added (% of GDP),26.4256
country:HUN,GDP (current US$),182281000000.0
country:HUN,GDP per capita (current LCU),5690760.0
country:HUN,GNI per capita (current LCU),5518090.0
country:IDN,Gross national expenditure (current US$),1141620000000.0
country:IDN,Industry (including construction) value added (% of GDP),39.8588
country:IDN,GDP (current US$),1186090000000.0
country:IDN,GDP per capita (current LCU),61407900.0
country:IDN,GNI per capita (current LCU),59770400.0
country:IRL,Gross national expenditure (current US$),301521000000.0
country:IND,Gross national expenditure (current US$),3232850000000.0
country:IRL,Industry (including construction) value added (% of GDP),40.2224
country:IND,Industry (including construction) value added (% of GDP),25.8718
country:IRL,GDP (current US$),498560000000.0
country:IND,GDP (current US$),3173400000000.0
country:IND,GDP per capita (current LCU),169684.0
country:IRL,GDP per capita (current LCU),83832.5
country:IRL,GNI per capita (current LCU),62565.9
country:IND,GNI per capita (current LCU),167041.0
country:ISL,Gross national expenditure (current US$),26000900000.0
country:ITA,Gross national expenditure (current US$),2049130000000.0
country:ISR,Gross national expenditure (current US$),460204000000.0
country:ITA,Industry (including construction) value added (% of GDP),22.5776
country:IRQ,Industry (including construction) value added (% of GDP),53.8302
country:ISL,GDP (current US$),25458900000.0
country:ITA,GDP (current US$),2099880000000.0
country:IRQ,GDP (current US$),207889000000.0
country:ISR,GDP (current US$),481591000000.0
country:ISR,GDP per capita (current LCU),166129.0
country:IRQ,GDP per capita (current LCU),7320160.0
country:ISL,GDP per capita (current LCU),8683980.0
country:ITA,GDP per capita (current LCU),30058.4
country:ISL,GNI per capita (current LCU),8424290.0
country:ITA,GNI per capita (current LCU),30419.3
country:IRQ,GNI per capita (current LCU),7256680.0
country:ISR,GNI per capita (current LCU),167410.0
country:JOR,Gross national expenditure (current US$),54730100000.0
country:JAM,Gross national expenditure (current US$),15783600000.0
country:KAZ,Industry (including construction) value added (% of GDP),35.037
country:JOR,Industry (including construction) value added (% of GDP),24.2132
country:JAM,Industry (including construction) value added (% of GDP),20.7521
country:KAZ,GDP (current US$),190814000000.0
country:JOR,GDP (current US$),45243700000.0
country:JAM,GDP (current US$),13638200000.0
country:JPN,GDP (current US$),4937420000000.0
country:JPN,GDP per capita (current LCU),4311720.0
country:KAZ,GDP per capita (current LCU),4276750.0
country:JAM,GDP per capita (current LCU),695029.0
country:JOR,GDP per capita (current LCU),3128.15
country:JPN,GNI per capita (current LCU),4475190.0
country:KAZ,GNI per capita (current LCU),3733700.0
country:JAM,GNI per capita (current LCU),673518.0
country:JOR,GNI per capita (current LCU),3112.09
country:KGZ,Gross national expenditure (current US$),10912800000.0
country:KEN,Gross national expenditure (current US$),119101000000.0
country:KHM,Gross national expenditure (current US$),26799100000.0
country:KGZ,Industry (including construction) value added (% of GDP),26.6885
country:KEN,Industry (including construction) value added (% of GDP),16.9949
country:KHM,Industry (including construction) value added (% of GDP),36.8348
country:KGZ,GDP (current US$),8543420000.0
country:KEN,GDP (current US$),110347000000.0
country:KHM,GDP (current US$),26961100000.0
country:KGZ,GDP per capita (current LCU),108022.0
country:KEN,GDP per capita (current LCU),220024.0
country:KHM,GDP per capita (current LCU),6520890.0
country:KEN,GNI per capita (current LCU),216723.0
country:KGZ,GNI per capita (current LCU),98961.5
country:KHM,GNI per capita (current LCU),6175540.0
country:KOR,Gross national expenditure (current US$),1732430000000.0
country:KNA,Industry (including construction) value added (% of GDP),20.898
country:KOR,Industry (including construction) value added (% of GDP),32.4768
country:KNA,GDP (current US$),976151000.0
country:KOR,GDP (current US$),1798530000000.0
country:KNA,GDP per capita (current LCU),49221.4
country:KOR,GDP per capita (current LCU),39761400.0
country:KNA,GNI per capita (current LCU),48547.0
country:KOR,GNI per capita (current LCU),40247000.0
country:LBR,Industry (including construction) value added (% of GDP),18.3642
country:LAO,Industry (including construction) value added (% of GDP),34.13
country:LBR,GDP (current US$),3486740000.0
country:LAO,GDP (current US$),18827100000.0
country:LBY,GDP (current US$),41879600000.0
country:LBN,GDP (current US$),18076600000.0
country:LBN,GDP per capita (current LCU),31626000.0
country:LBR,GDP per capita (current LCU),673.089
country:LBY,GDP per capita (current LCU),27778.1
country:LAO,GDP per capita (current LCU),24742500.0
country:LAO,GNI per capita (current LCU),23248000.0
country:LBR,GNI per capita (current LCU),632.164
country:LBY,GNI per capita (current LCU),28006.7
country:LBN,GNI per capita (current LCU),30659400.0
country:LCA,Industry (including construction) value added (% of GDP),11.0874
country:LCA,GDP (current US$),1764900000.0
country:LCA,GDP per capita (current LCU),25841.7
country:LCA,GNI per capita (current LCU),25396.7
country:LKA,Gross national expenditure (current US$),90912900000.0
country:LKA,Industry (including construction) value added (% of GDP),27.8421
country:LKA,GDP (current US$),84518800000.0
country:LKA,GDP per capita (current LCU),758680.0
country:LKA,GNI per capita (current LCU),740328.0
country:LTU,Gross national expenditure (current US$),62753300000.0
country:LUX,Gross national expenditure (current US$),56026800000.0
country:LUX,Industry (including construction) value added (% of GDP),11.4067
country:LSO,Industry (including construction) value added (% of GDP),35.1158
country:LTU,Industry (including construction) value added (% of GDP),25.5457
country:LTU,GDP (current US$),65503900000.0
country:LSO,GDP (current US$),2518470000.0
country:LSO,GDP per capita (current LCU),17238.8
country:LTU,GDP per capita (current LCU),19812.8
country:LSO,GNI per capita (current LCU),19462.4
country:LTU,GNI per capita (current LCU),19154.9
country:LVA,Gross national expenditure (current US$),39679900000.0
country:MAC,Gross national expenditure (current US$),26190600000.0
country:MAR,Gross national expenditure (current US$),145295000000.0
country:LVA,Industry (including construction) value added (% of GDP),19.8272
country:MAR,Industry (including construction) value added (% of GDP),26.8095
country:MAC,GDP (current US$),29905200000.0
country:LUX,GDP (current US$),86710800000.0
country:LVA,GDP (current US$),38872500000.0
country:LVA,GDP per capita (current LCU),17452.8
country:LUX,GDP per capita (current LCU),114719.0
country:MAC,GDP per capita (current LCU),363623.0
country:LVA,GNI per capita (current LCU),17107.7
country:MDA,Gross national expenditure (current US$),17423600000.0
country:MDG,Gross national expenditure (current US$),15763800000.0
country:MDA,Industry (including construction) value added (% of GDP),20.6073
country:MDA,GDP (current US$),13679200000.0
country:MDG,GDP (current US$),14637400000.0
country:MAR,GDP (current US$),132725000000.0
country:MAR,GDP per capita (current LCU),31430.6
country:MDG,GDP per capita (current LCU),1972080.0
country:MDA,GDP per capita (current LCU),93969.4
country:MDG,GNI per capita (current LCU),1930470.0
country:MAR,GNI per capita (current LCU),30939.7
country:MDA,GNI per capita (current LCU),96558.2
country:MEX,Gross national expenditure (current US$),1249880000000.0
country:MEX,Industry (including construction) value added (% of GDP),31.8722
country:MHL,GDP (current US$),248666000.0
country:MDV,GDP (current US$),4889670000.0
country:MEX,GDP (current US$),1293040000000.0
country:MEX,GDP per capita (current LCU),201232.0
country:MHL,GDP per capita (current LCU),4170.98
country:MDV,GDP per capita (current LCU),138272.0
country:MHL,GNI per capita (current LCU),5110.3
country:MDV,GNI per capita (current LCU),125257.0
country:MEX,GNI per capita (current LCU),196200.0
country:MLI,Gross national expenditure (current US$),21178600000.0
country:MKD,Gross national expenditure (current US$),16092500000.0
country:MMR,Gross national expenditure (current US$),62984900000.0
country:MLT,Gross national expenditure (current US$),14886500000.0
country:MLT,Industry (including construction) value added (% of GDP),13.0
country:MLI,Industry (including construction) value added (% of GDP),20.5038
country:MKD,Industry (including construction) value added (% of GDP),21.4869
country:MLI,GDP (current US$),19143700000.0
country:MLT,GDP (current US$),17189700000.0
country:MKD,GDP (current US$),13879300000.0
country:MLT,GDP per capita (current LCU),28119.0
country:MKD,GDP per capita (current LCU),350221.0
country:MLI,GDP per capita (current LCU),509011.0
country:MLI,GNI per capita (current LCU),493920.0
country:MKD,GNI per capita (current LCU),333510.0
country:MLT,GNI per capita (current LCU),26252.6
country:MNE,Gross national expenditure (current US$),6951520000.0
country:MNG,Gross national expenditure (current US$),15549200000.0
country:MMR,Industry (including construction) value added (% of GDP),35.2151
country:MNG,Industry (including construction) value added (% of GDP),37.007
country:MNE,Industry (including construction) value added (% of GDP),14.9506
country:MNE,GDP (current US$),5809170000.0
country:MMR,GDP (current US$),65067800000.0
country:MNG,GDP (current US$),15098000000.0
country:MMR,GDP per capita (current LCU),1768670.0
country:MNG,GDP per capita (current LCU),12921300.0
country:MNE,GDP per capita (current LCU),7919.76
country:MNG,GNI per capita (current LCU),11143900.0
country:MMR,GNI per capita (current LCU),1721640.0
country:MNE,GNI per capita (current LCU),8087.54
country:MUS,Gross national expenditure (current US$),12280200000.0
country:MUS,Industry (including construction) value added (% of GDP),18.6567
country:MRT,GDP (current US$),8227580000.0
country:MOZ,GDP (current US$),16095800000.0
country:MUS,GDP (current US$),11156700000.0
country:MOZ,GDP per capita (current LCU),32761.6
country:MRT,GDP per capita (current LCU),63182.2
country:MUS,GDP per capita (current LCU),367395.0
country:MRT,GNI per capita (current LCU),62533.9
country:MOZ,GNI per capita (current LCU),32078.5
country:MUS,GNI per capita (current LCU),421751.0
country:MYS,Gross national expenditure (current US$),346357000000.0
country:MWI,Industry (including construction) value added (% of GDP),18.3794
country:MYS,Industry (including construction) value added (% of GDP),37.7329
country:MWI,GDP (current US$),12626700000.0
country:MYS,GDP (current US$),372701000000.0
country:NAM,GDP (current US$),12236300000.0
country:MWI,GDP per capita (current LCU),517917.0
country:NAM,GDP per capita (current LCU),69892.4
country:MYS,GDP per capita (current LCU),47113.9
country:NAM,GNI per capita (current LCU),68794.7
country:MWI,GNI per capita (current LCU),508555.0
country:MYS,GNI per capita (current LCU),45704.6
country:BRA,Investment in water and sanitation with private participation (current US$),5614000000.0
country:BRA,Public private partnerships investment in water and sanitation (current US$),5614000000.0
country:BWA,Investment in water and sanitation with private participation (current US$),92000000.0
country:CHN,Investment in water and sanitation with private participation (current US$),3654630000.0
country:BWA,Public private partnerships investment in water and sanitation (current US$),92000000.0
country:CHN,Public private partnerships investment in water and sanitation (current US$),3654630000.0
country:EGY,Investment in water and sanitation with private participation (current US$),48500000.0
country:EGY,Public private partnerships investment in water and sanitation (current US$),48500000.0
country:IND,Investment in water and sanitation with private participation (current US$),278250000.0
country:IND,Public private partnerships investment in water and sanitation (current US$),278250000.0
country:LKA,Investment in water and sanitation with private participation (current US$),70640000.0
country:LKA,Public private partnerships investment in water and sanitation (current US$),70640000.0
country:PHL,Investment in water and sanitation with private participation (current US$),27810000.0
country:PHL,Public private partnerships investment in water and sanitation (current US$),27810000.0
country:IDN,Diabetes prevalence (% of population ages 20 to 79),10.6
country:IMN,Diabetes prevalence (% of population ages 20 to 79),6.3
country:IND,Diabetes prevalence (% of population ages 20 to 79),9.6
country:IRL,Diabetes prevalence (% of population ages 20 to 79),3.0
country:IRQ,Diabetes prevalence (% of population ages 20 to 79),10.7
country:IRN,Diabetes prevalence (% of population ages 20 to 79),9.1
country:ISL,Diabetes prevalence (% of population ages 20 to 79),5.5
country:JAM,Diabetes prevalence (% of population ages 20 to 79),11.1
country:ITA,Diabetes prevalence (% of population ages 20 to 79),6.4
country:JOR,Diabetes prevalence (% of population ages 20 to 79),15.4
country:ISR,Diabetes prevalence (% of population ages 20 to 79),8.5
country:KAZ,Diabetes prevalence (% of population ages 20 to 79),6.6
country:KGZ,Diabetes prevalence (% of population ages 20 to 79),6.6
country:JPN,Diabetes prevalence (% of population ages 20 to 79),6.6
country:KEN,Diabetes prevalence (% of population ages 20 to 79),4.0
country:KIR,Diabetes prevalence (% of population ages 20 to 79),22.1
country:KOR,Diabetes prevalence (% of population ages 20 to 79),6.8
country:KHM,Diabetes prevalence (% of population ages 20 to 79),7.3
country:KNA,Diabetes prevalence (% of population ages 20 to 79),16.1
country:LBN,Diabetes prevalence (% of population ages 20 to 79),8.0
country:KWT,Diabetes prevalence (% of population ages 20 to 79),24.9
country:LAO,Diabetes prevalence (% of population ages 20 to 79),6.2
country:LBY,Diabetes prevalence (% of population ages 20 to 79),8.7
country:LBR,Diabetes prevalence (% of population ages 20 to 79),2.1
country:LCA,Diabetes prevalence (% of population ages 20 to 79),11.7
country:LKA,Diabetes prevalence (% of population ages 20 to 79),11.3
country:LIE,Diabetes prevalence (% of population ages 20 to 79),6.1
country:LSO,Diabetes prevalence (% of population ages 20 to 79),4.6
country:LUX,Diabetes prevalence (% of population ages 20 to 79),5.9
country:MAC,Diabetes prevalence (% of population ages 20 to 79),7.8
country:LTU,Diabetes prevalence (% of population ages 20 to 79),5.8
country:LVA,Diabetes prevalence (% of population ages 20 to 79),5.9
country:MAR,Diabetes prevalence (% of population ages 20 to 79),9.1
country:MCO,Diabetes prevalence (% of population ages 20 to 79),6.2
country:MDA,Diabetes prevalence (% of population ages 20 to 79),5.6
country:MDV,Diabetes prevalence (% of population ages 20 to 79),9.2
country:MDG,Diabetes prevalence (% of population ages 20 to 79),4.6
country:MEX,Diabetes prevalence (% of population ages 20 to 79),16.9
country:MHL,Diabetes prevalence (% of population ages 20 to 79),23.0
country:MKD,Diabetes prevalence (% of population ages 20 to 79),6.1
country:MLI,Diabetes prevalence (% of population ages 20 to 79),2.1
country:MMR,Diabetes prevalence (% of population ages 20 to 79),7.1
country:MLT,Diabetes prevalence (% of population ages 20 to 79),8.0
country:MNE,Diabetes prevalence (% of population ages 20 to 79),9.1
country:MNP,Diabetes prevalence (% of population ages 20 to 79),23.4
country:MNG,Diabetes prevalence (% of population ages 20 to 79),6.9
country:MOZ,Diabetes prevalence (% of population ages 20 to 79),3.3
country:MWI,Diabetes prevalence (% of population ages 20 to 79),7.3
country:MUS,Diabetes prevalence (% of population ages 20 to 79),22.6
country:MYS,Diabetes prevalence (% of population ages 20 to 79),19.0
country:MRT,Diabetes prevalence (% of population ages 20 to 79),2.1
country:NAM,Diabetes prevalence (% of population ages 20 to 79),6.7
country:NER,Diabetes prevalence (% of population ages 20 to 79),5.2
country:NCL,Diabetes prevalence (% of population ages 20 to 79),23.4
country:NIC,Diabetes prevalence (% of population ages 20 to 79),9.3
country:NOR,Diabetes prevalence (% of population ages 20 to 79),3.6
country:NGA,Diabetes prevalence (% of population ages 20 to 79),3.6
country:NLD,Diabetes prevalence (% of population ages 20 to 79),4.5
country:NRU,Diabetes prevalence (% of population ages 20 to 79),23.4
country:NPL,Diabetes prevalence (% of population ages 20 to 79),8.7
country:NZL,Diabetes prevalence (% of population ages 20 to 79),6.2
country:PAN,Diabetes prevalence (% of population ages 20 to 79),8.2
country:OMN,Diabetes prevalence (% of population ages 20 to 79),13.8
country:PAK,Diabetes prevalence (% of population ages 20 to 79),30.8
country:PHL,Diabetes prevalence (% of population ages 20 to 79),7.1
country:PNG,Diabetes prevalence (% of population ages 20 to 79),16.7
country:PER,Diabetes prevalence (% of population ages 20 to 79),4.8
country:PLW,Diabetes prevalence (% of population ages 20 to 79),17.0
country:PRI,Diabetes prevalence (% of population ages 20 to 79),13.3
country:POL,Diabetes prevalence (% of population ages 20 to 79),6.8
country:NAM,Gross national expenditure (current US$),14363400000.0
country:NER,Gross national expenditure (current US$),17592300000.0
country:NAM,Industry (including construction) value added (% of GDP),25.0413
country:NLD,Gross national expenditure (current US$),905890000000.0
country:NOR,Gross national expenditure (current US$),422343000000.0
country:NGA,Gross national expenditure (current US$),445624000000.0
country:NIC,Gross national expenditure (current US$),15772100000.0
country:NGA,Industry (including construction) value added (% of GDP),31.4075
country:NLD,Industry (including construction) value added (% of GDP),18.0353
country:NER,Industry (including construction) value added (% of GDP),20.6524
country:NIC,Industry (including construction) value added (% of GDP),27.1905
country:NGA,GDP (current US$),440777000000.0
country:NLD,GDP (current US$),1018010000000.0
country:NER,GDP (current US$),14950900000.0
country:NIC,GDP (current US$),14013000000.0
country:NER,GDP per capita (current LCU),329904.0
country:NIC,GDP per capita (current LCU),73533.9
country:NGA,GDP per capita (current LCU),832899.0
country:NLD,GDP per capita (current LCU),49090.2
country:NGA,GNI per capita (current LCU),800872.0
country:NLD,GNI per capita (current LCU),48780.1
country:NER,GNI per capita (current LCU),335142.0
country:NIC,GNI per capita (current LCU),69259.2
country:NPL,Gross national expenditure (current US$),46476600000.0
country:NOR,Industry (including construction) value added (% of GDP),35.5814
country:NPL,Industry (including construction) value added (% of GDP),11.7225
country:NZL,GDP (current US$),249992000000.0
country:NOR,GDP (current US$),482437000000.0
country:NRU,GDP (current US$),133219000.0
country:NPL,GDP (current US$),36288800000.0
country:NZL,GDP per capita (current LCU),68995.8
country:NPL,GDP per capita (current LCU),144139.0
country:NOR,GDP per capita (current LCU),766252.0
country:NRU,GDP per capita (current LCU),16416.8
country:NPL,GNI per capita (current LCU),144923.0
country:NZL,GNI per capita (current LCU),67542.9
country:NOR,GNI per capita (current LCU),801481.0
country:NRU,GNI per capita (current LCU),27297.0
country:PAK,Gross national expenditure (current US$),380816000000.0
country:PAK,Industry (including construction) value added (% of GDP),18.7032
country:OMN,Industry (including construction) value added (% of GDP),52.2006
country:PAK,GDP (current US$),346343000000.0
country:OMN,GDP (current US$),85868600000.0
country:OMN,GDP per capita (current LCU),6320.91
country:PAK,GDP per capita (current LCU),246394.0
country:PAK,GNI per capita (current LCU),243113.0
country:PER,Gross national expenditure (current US$),217296000000.0
country:PHL,Gross national expenditure (current US$),441444000000.0
country:PHL,Industry (including construction) value added (% of GDP),28.8864
country:PAN,Industry (including construction) value added (% of GDP),27.6821
country:PAN,GDP (current US$),63605100000.0
country:PHL,GDP (current US$),394086000000.0
country:PER,GDP (current US$),223249000000.0
country:PHL,GDP per capita (current LCU),174796.0
country:PAN,GDP per capita (current LCU),14516.5
country:PER,GDP per capita (current LCU),25969.9
country:PER,GNI per capita (current LCU),24108.6
country:PAN,GNI per capita (current LCU),13702.7
country:PHL,GNI per capita (current LCU),181045.0
country:POL,Gross national expenditure (current US$),645753000000.0
country:POL,Industry (including construction) value added (% of GDP),29.298
country:POL,GDP (current US$),674048000000.0
country:PNG,GDP (current US$),26594300000.0
country:POL,GDP per capita (current LCU),68899.9
country:PNG,GDP per capita (current LCU),10232.9
country:PNG,GNI per capita (current LCU),9980.47
country:POL,GNI per capita (current LCU),65833.3
country:PRY,Gross national expenditure (current US$),38528500000.0
country:PRT,Gross national expenditure (current US$),257370000000.0
country:PSE,Gross national expenditure (current US$),24845700000.0
country:PRY,Industry (including construction) value added (% of GDP),35.0725
country:PRT,Industry (including construction) value added (% of GDP),19.2343
country:PSE,GDP (current US$),18036800000.0
country:PRY,GDP (current US$),38986800000.0
country:PRT,GDP (current US$),249886000000.0
country:PRY,GDP per capita (current LCU),36581200.0
country:PRT,GDP per capita (current LCU),20513.5
country:PSE,GDP per capita (current LCU),3663.97
country:PRY,GNI per capita (current LCU),35677500.0
country:PRT,GNI per capita (current LCU),20276.7
country:PSE,GNI per capita (current LCU),4354.19
country:QAT,Industry (including construction) value added (% of GDP),60.0379
country:QAT,GDP (current US$),179571000000.0
country:QAT,GDP per capita (current LCU),223045.0
country:QAT,GNI per capita (current LCU),219612.0
country:RWA,Gross national expenditure (current US$),12811100000.0
country:RUS,Gross national expenditure (current US$),1599250000000.0
country:ROU,Gross national expenditure (current US$),300167000000.0
country:RWA,Industry (including construction) value added (% of GDP),20.3412
country:ROU,Industry (including construction) value added (% of GDP),27.7838
country:RUS,Industry (including construction) value added (% of GDP),33.2147
country:RUS,GDP (current US$),1775800000000.0
country:ROU,GDP (current US$),284088000000.0
country:RWA,GDP (current US$),11070400000.0
country:RUS,GDP per capita (current LCU),896578.0
country:RWA,GDP per capita (current LCU),824345.0
country:ROU,GDP per capita (current LCU),61831.5
country:RUS,GNI per capita (current LCU),874732.0
country:ROU,GNI per capita (current LCU),60787.2
country:RWA,GNI per capita (current LCU),807509.0
country:SEN,Gross national expenditure (current US$),32772800000.0
country:SAU,Gross national expenditure (current US$),746671000000.0
country:SGP,Gross national expenditure (current US$),265471000000.0
country:SDN,Gross national expenditure (current US$),34197200000.0
country:SEN,Industry (including construction) value added (% of GDP),24.6658
country:SGP,Industry (including construction) value added (% of GDP),24.903
country:SDN,Industry (including construction) value added (% of GDP),7.36874
country:SAU,Industry (including construction) value added (% of GDP),45.5221
country:SEN,GDP (current US$),27625400000.0
country:SGP,GDP (current US$),396987000000.0
country:SAU,GDP (current US$),833541000000.0
country:SDN,GDP (current US$),34326100000.0
country:SAU,GDP per capita (current LCU),88447.1
country:SDN,GDP per capita (current LCU),298093.0
country:SGP,GDP per capita (current LCU),97798.7
country:SEN,GDP per capita (current LCU),890838.0
country:SEN,GNI per capita (current LCU),872020.0
country:SDN,GNI per capita (current LCU),282767.0
country:SLV,Gross national expenditure (current US$),36000000000.0
country:SLV,Industry (including construction) value added (% of GDP),24.0478
country:SLV,GDP (current US$),28736900000.0
country:SLB,GDP (current US$),1645210000.0
country:SLE,GDP (current US$),4200380000.0
country:SLB,GDP per capita (current LCU),18767.2
country:SLV,GDP per capita (current LCU),4408.52
country:SLE,GDP per capita (current LCU),5661840.0
country:SLV,GNI per capita (current LCU),4159.35
country:SLB,GNI per capita (current LCU),18906.6
country:SGP,GNI per capita (current LCU),86015.0
country:SLE,GNI per capita (current LCU),5469390.0
country:SRB,Gross national expenditure (current US$),68018400000.0
country:SRB,Industry (including construction) value added (% of GDP),25.2545
country:SRB,GDP (current US$),63068100000.0
country:SOM,GDP (current US$),7292720000.0
country:SRB,GDP per capita (current LCU),915933.0
country:SOM,GDP per capita (current LCU),11607600.0
country:SOM,GNI per capita (current LCU),11542400.0
country:SRB,GNI per capita (current LCU),880939.0
country:STP,Industry (including construction) value added (% of GDP),12.5227
country:STP,GDP (current US$),547093000.0
country:STP,GDP per capita (current LCU),51107.1
country:STP,GNI per capita (current LCU),51639.6
country:SVN,Gross national expenditure (current US$),58256700000.0
country:SVK,Gross national expenditure (current US$),115606000000.0
country:SWE,Gross national expenditure (current US$),600132000000.0
country:SVN,Industry (including construction) value added (% of GDP),29.7745
country:SVK,Industry (including construction) value added (% of GDP),27.4788
country:SWE,Industry (including construction) value added (% of GDP),22.0083
country:SWZ,Industry (including construction) value added (% of GDP),32.939
country:SUR,GDP (current US$),2862130000.0
country:SVN,GDP (current US$),61526300000.0
country:SWE,GDP (current US$),627438000000.0
country:SVK,GDP (current US$),114871000000.0
country:SVN,GDP per capita (current LCU),24689.1
country:SUR,GDP per capita (current LCU),95275.8
country:SWE,GDP per capita (current LCU),516644.0
country:SVK,GDP per capita (current LCU),17829.7
country:SUR,GNI per capita (current LCU),82473.0
country:SVN,GNI per capita (current LCU),24372.1
country:SWE,GNI per capita (current LCU),532023.0
country:SVK,GNI per capita (current LCU),17524.5
country:SYC,Gross national expenditure (current US$),1654440000.0
country:SYC,Industry (including construction) value added (% of GDP),14.4162
country:SYC,GDP (current US$),1320050000.0
country:SWZ,GDP (current US$),4941370000.0
country:SYC,GDP per capita (current LCU),225157.0
country:SWZ,GDP per capita (current LCU),62310.0
country:SWZ,GNI per capita (current LCU),56293.1
country:SYC,GNI per capita (current LCU),211661.0
country:TCD,Gross national expenditure (current US$),12426100000.0
country:TGO,Gross national expenditure (current US$),9330950000.0
country:TCD,Industry (including construction) value added (% of GDP),10.9005
country:TCA,Industry (including construction) value added (% of GDP),16.3868
country:TCD,GDP (current US$),11780000000.0
country:TCA,GDP (current US$),943270000.0
country:TCD,GDP per capita (current LCU),386188.0
country:TCA,GDP per capita (current LCU),24047.1
country:TCD,GNI per capita (current LCU),373112.0
country:TCA,GNI per capita (current LCU),23297.1
country:THA,Gross national expenditure (current US$),502636000000.0
country:TGO,Industry (including construction) value added (% of GDP),22.1566
country:THA,Industry (including construction) value added (% of GDP),34.7748
country:TJK,GDP (current US$),8746270000.0
country:TGO,GDP (current US$),8413200000.0
country:THA,GDP (current US$),505982000000.0
country:THA,GDP per capita (current LCU),231303.0
country:TJK,GDP per capita (current LCU),10145.1
country:TGO,GDP per capita (current LCU),550277.0
country:TJK,GNI per capita (current LCU),12257.4
country:TGO,GNI per capita (current LCU),551741.0
country:THA,GNI per capita (current LCU),223165.0
country:TLS,GDP (current US$),1959130000.0
country:TLS,GDP per capita (current LCU),1457.83
country:TLS,GNI per capita (current LCU),1769.77
country:TUN,Industry (including construction) value added (% of GDP),22.8558
country:TUN,GDP (current US$),46840000000.0
country:TTO,GDP (current US$),21391800000.0
country:TTO,GDP per capita (current LCU),103021.0
country:TUN,GDP per capita (current LCU),10966.6
country:TTO,GNI per capita (current LCU),98417.1
country:TUN,GNI per capita (current LCU),10659.4
country:TZA,Gross national expenditure (current US$),73810500000.0
country:TUR,Gross national expenditure (current US$),818708000000.0
country:UGA,Gross national expenditure (current US$),43176000000.0
country:TZA,Industry (including construction) value added (% of GDP),29.279
country:TUR,Industry (including construction) value added (% of GDP),31.066
country:UGA,Industry (including construction) value added (% of GDP),27.0853
country:TUV,GDP (current US$),63101000.0
country:UGA,GDP (current US$),40434700000.0
country:TZA,GDP (current US$),67775100000.0
country:TUR,GDP (current US$),815272000000.0
country:TZA,GDP per capita (current LCU),2611740.0
country:TUR,GDP per capita (current LCU),84769.6
country:UGA,GDP per capita (current LCU),3139880.0
country:TUV,GDP per capita (current LCU),7044.03
country:UGA,GNI per capita (current LCU),3087570.0
country:TUV,GNI per capita (current LCU),9386.03
country:TUR,GNI per capita (current LCU),83518.6
country:TZA,GNI per capita (current LCU),2603550.0
country:URY,Gross national expenditure (current US$),55666500000.0
country:UKR,Gross national expenditure (current US$),202334000000.0
country:URY,Industry (including construction) value added (% of GDP),18.866
country:UKR,Industry (including construction) value added (% of GDP),23.4618
country:USA,GDP (current US$),22996100000000.0
country:UKR,GDP (current US$),200086000000.0
country:URY,GDP (current US$),59319500000.0
country:URY,GDP per capita (current LCU),741303.0
country:USA,GDP per capita (current LCU),69287.5
country:UKR,GDP per capita (current LCU),131944.0
country:USA,GNI per capita (current LCU),70483.8
country:UKR,GNI per capita (current LCU),128612.0
country:URY,GNI per capita (current LCU),678633.0
country:UZB,Gross national expenditure (current US$),80597000000.0
country:UZB,Industry (including construction) value added (% of GDP),32.0464
country:VCT,Industry (including construction) value added (% of GDP),13.4558
country:UZB,GDP (current US$),69238900000.0
country:VCT,GDP (current US$),889775000.0
country:UZB,GDP per capita (current LCU),21039300.0
country:VCT,GDP per capita (current LCU),21590.9
country:UZB,GNI per capita (current LCU),21100300.0
country:VCT,GNI per capita (current LCU),21475.0
country:VUT,GDP (current US$),983469000.0
country:VNM,GDP (current US$),362638000000.0
country:VUT,GDP per capita (current LCU),341298.0
country:VNM,GDP per capita (current LCU),85552700.0
country:VUT,GNI per capita (current LCU),353564.0
country:VNM,GNI per capita (current LCU),81787000.0
country:KAZ,Research and development expenditure (% of GDP),0.13245
country:PRK,Diabetes prevalence (% of population ages 20 to 79),8.6
country:PRY,Diabetes prevalence (% of population ages 20 to 79),7.5
country:PRT,Diabetes prevalence (% of population ages 20 to 79),9.1
country:PYF,Diabetes prevalence (% of population ages 20 to 79),25.2
country:PSE,Diabetes prevalence (% of population ages 20 to 79),9.2
country:ROU,Diabetes prevalence (% of population ages 20 to 79),6.5
country:RWA,Diabetes prevalence (% of population ages 20 to 79),6.5
country:QAT,Diabetes prevalence (% of population ages 20 to 79),19.5
country:RUS,Diabetes prevalence (% of population ages 20 to 79),5.6
country:SAU,Diabetes prevalence (% of population ages 20 to 79),18.7
country:SDN,Diabetes prevalence (% of population ages 20 to 79),18.9
country:SEN,Diabetes prevalence (% of population ages 20 to 79),3.1
country:SLB,Diabetes prevalence (% of population ages 20 to 79),19.8
country:SGP,Diabetes prevalence (% of population ages 20 to 79),11.6
country:SLE,Diabetes prevalence (% of population ages 20 to 79),2.1
country:SLV,Diabetes prevalence (% of population ages 20 to 79),6.3
country:SOM,Diabetes prevalence (% of population ages 20 to 79),6.5
country:SMR,Diabetes prevalence (% of population ages 20 to 79),7.4
country:SRB,Diabetes prevalence (% of population ages 20 to 79),9.1
country:SSD,Diabetes prevalence (% of population ages 20 to 79),6.5
country:STP,Diabetes prevalence (% of population ages 20 to 79),5.5
country:SVK,Diabetes prevalence (% of population ages 20 to 79),5.8
country:SUR,Diabetes prevalence (% of population ages 20 to 79),12.7
country:SVN,Diabetes prevalence (% of population ages 20 to 79),5.8
country:SWZ,Diabetes prevalence (% of population ages 20 to 79),4.6
country:SWE,Diabetes prevalence (% of population ages 20 to 79),5.0
country:SYC,Diabetes prevalence (% of population ages 20 to 79),8.5
country:SYR,Diabetes prevalence (% of population ages 20 to 79),14.9
country:TCD,Diabetes prevalence (% of population ages 20 to 79),5.8
country:TGO,Diabetes prevalence (% of population ages 20 to 79),2.1
country:TJK,Diabetes prevalence (% of population ages 20 to 79),6.6
country:THA,Diabetes prevalence (% of population ages 20 to 79),9.7
country:TKM,Diabetes prevalence (% of population ages 20 to 79),6.7
country:TLS,Diabetes prevalence (% of population ages 20 to 79),8.6
country:TTO,Diabetes prevalence (% of population ages 20 to 79),12.7
country:TON,Diabetes prevalence (% of population ages 20 to 79),15.0
country:TUR,Diabetes prevalence (% of population ages 20 to 79),14.5
country:TZA,Diabetes prevalence (% of population ages 20 to 79),12.3
country:TUN,Diabetes prevalence (% of population ages 20 to 79),9.6
country:TUV,Diabetes prevalence (% of population ages 20 to 79),20.3
country:UKR,Diabetes prevalence (% of population ages 20 to 79),5.6
country:URY,Diabetes prevalence (% of population ages 20 to 79),9.0
country:UGA,Diabetes prevalence (% of population ages 20 to 79),4.6
country:UZB,Diabetes prevalence (% of population ages 20 to 79),7.0
country:VEN,Diabetes prevalence (% of population ages 20 to 79),9.6
country:USA,Diabetes prevalence (% of population ages 20 to 79),10.7
country:VCT,Diabetes prevalence (% of population ages 20 to 79),8.0
country:VIR,Diabetes prevalence (% of population ages 20 to 79),12.4
country:VNM,Diabetes prevalence (% of population ages 20 to 79),6.1
country:VGB,Diabetes prevalence (% of population ages 20 to 79),8.7
country:VUT,Diabetes prevalence (% of population ages 20 to 79),15.6
country:WSM,Diabetes prevalence (% of population ages 20 to 79),9.2
country:YEM,Diabetes prevalence (% of population ages 20 to 79),5.4
country:ZMB,Diabetes prevalence (% of population ages 20 to 79),11.9
country:ZAF,Diabetes prevalence (% of population ages 20 to 79),10.8
country:ZWE,Diabetes prevalence (% of population ages 20 to 79),2.1
